text,label
商品质量很好，用起来很顺手,positive
物流速度很快，第二天就收到了,positive
包装严实，没有任何破损,positive
客服回答耐心，问题很快解决,positive
这次购物体验非常满意,positive
手机续航很强，一天不用充电,positive
衣服面料舒服，尺码也合适,positive
安装简单，说明书写得很清楚,positive
价格实惠，性能超过预期,positive
餐品味道很好，送达时还是热的,positive
做工精细，颜色和图片一致,positive
更新后功能更好用了,positive
孩子很喜欢这个玩具,positive
耳机音质清晰，佩戴也舒服,positive
退款到账速度很快，服务靠谱,positive
快递员态度很好，还送货上门,positive
用了一个月依然稳定，值得推荐,positive
容量很大，完全满足日常需要,positive
售后主动联系并解决了问题,positive
活动价格很划算，还送了赠品,positive
拍照效果自然，夜景也很清楚,positive
键盘手感不错，声音也不大,positive
清洁效果明显，使用很方便,positive
发货及时，商品完好无缺,positive
整体设计漂亮，操作流畅,positive
软件更新以后经常崩溃,negative
商品有明显划痕，体验很差,negative
物流太慢，等了一个多星期,negative
实际颜色和页面展示差别很大,negative
电池掉电很快，半天就没电了,negative
包装简陋，盒子到手已经变形,negative
耳机杂音明显，听歌很难受,negative
衣服做工粗糙，还有很多线头,negative
说明书内容含糊，安装很费劲,negative
应用启动速度越来越慢,negative
餐品已经凉了，味道也不好,negative
屏幕亮度不均匀，看着不舒服,negative
材质有刺鼻气味，令人失望,negative
键盘按键松动，手感很差,negative
摄像头画面模糊，完全不清楚,negative
商品尺寸偏小，和描述不一致,negative
风扇噪声太大，晚上无法使用,negative
连接经常中断，稳定性很差,negative
更新后原来的功能反而不能用了,negative
杯盖密封不好，总是漏水,negative
机器发热严重，运行一会就卡顿,negative
布料很薄，质感不如预期,negative
配件质量一般，很容易损坏,negative
页面广告太多，影响正常操作,negative
清洁能力很弱，污渍洗不掉,negative
今天收到商品，暂时还没使用,neutral
外包装是蓝色的，里面有两件配件,neutral
订单显示明天下午送达,neutral
这款产品有黑白两种颜色,neutral
软件版本号是三点二,neutral
我买的是中号，目前正在试穿,neutral
快递已经放在小区门口,neutral
商品重量大约两公斤,neutral
刚安装完成，还需要观察几天,neutral
页面显示保修期为一年,neutral
套餐里包含主机和充电线,neutral
今天第一次打开这个应用,neutral
商家发来了一份电子说明书,neutral
订单是在昨天下午创建的,neutral
杯子的容量标注为五百毫升,neutral
系统提示有一个新版本可以更新,neutral
我选择了到店自取,neutral
产品需要两节五号电池,neutral
快递状态显示正在运输中,neutral
这个型号支持两种连接方式,neutral
包装内共有四个独立小盒,neutral
购买页面写的是预售商品,neutral
我还没有决定是否留下这个商品,neutral
设备开机后显示欢迎页面,neutral
客服告知工作时间是九点到六点,neutral
客服一直不处理我的退款申请,complaint
申请退货三天了仍然没人审核,complaint
商家拒绝履行保修，请平台介入,complaint
被重复扣款了，要求立即退还,complaint
收到空包裹，请尽快调查处理,complaint
商品是假货，我要投诉并申请赔偿,complaint
客服未经同意关闭工单，请重新处理,complaint
快递把包裹弄丢了，要求解决,complaint
商家承诺补发但一直没有行动,complaint
退款金额少了一部分，请核查,complaint
账户被错误封禁，需要人工复核,complaint
平台自动取消售后申请，我不同意,complaint
维修后问题依旧存在，要求换货,complaint
订单不是我本人下的，请立即冻结,complaint
会员被自动续费，要求取消并退款,complaint
配送员私自签收，请平台调查,complaint
客服态度恶劣，我要提交正式投诉,complaint
退回商品后商家拒绝退款,complaint
发票信息开错且拒绝重开，请处理,complaint
商品存在安全隐患，要求立即召回处理,complaint
优惠券被系统误删，请恢复权益,complaint
售后超过承诺时限，要求升级工单,complaint
商家泄露了我的订单信息，请调查,complaint
换货寄回后一直没有新物流,complaint
质量问题导致损失，要求联系负责人,complaint
屏幕显示细腻，户外也能看清,positive
扫地机规划路线准确，边角也清理得很干净,positive
空调制冷速度快，运行时也很安静,positive
电饭煲煮出的米饭粒粒分明,positive
冰箱分区合理，放一周的食材也够用,positive
洗衣机脱水很稳，机身没有明显晃动,positive
投影仪对焦快，晚上画面很有层次,positive
这双跑鞋包裹性好，走久了也不磨脚,positive
羽绒服保暖性很好，版型也利落,positive
床垫软硬适中，这几天睡得很舒服,positive
沙发面料柔软，坐垫的支撑也不错,positive
厨刀锋利顺手，切菜省了不少力气,positive
保温杯到傍晚还是温的，保温效果满意,positive
行李箱轮子顺滑，拉着过石板路也不费力,positive
护肤品质地清爽，吸收以后不黏腻,positive
洗发水泡沫丰富，冲洗起来也很容易,positive
这款口红显色好看，上唇也很均匀,positive
咖啡香气很足，酸苦度刚好合适,positive
牛肉很新鲜，煮熟后肉质依然嫩,positive
水果大小均匀，每个都很甜,positive
蛋糕口感细腻，甜度也很克制,positive
外卖配送准时，汤品密封得很好,positive
地图导航定位准确，路线规划也很实用,positive
修图软件导出速度快，滤镜效果很自然,positive
记账应用分类清晰，查账时一目了然,positive
网课老师讲解细致，例题也很有代表性,positive
电子书排版舒服，翻页反应非常跟手,positive
会员权益介绍清楚，开通后所有功能都能正常用,positive
订单修改地址后立刻生效，流程很顺畅,positive
客服很快找到了缺失的物流记录,positive
换货流程简单，新商品两天就收到了,positive
维修工程师准时上门，现场就修好了,positive
商家主动补发了漏掉的配件,positive
发票申请提交后很快就收到电子版,positive
预约安装时间很准，师傅操作也很规范,positive
快递柜取件码提醒及时，取件很方便,positive
跨店优惠自动计算正确，结算价格很划算,positive
赠品和页面说明完全一致,positive
预售商品比承诺时间提前到货,positive
旧机回收估价透明，到账也很快,positive
家用路由器穿墙信号稳定，看视频没有卡顿,positive
蓝牙音箱连接迅速，低音听起来很饱满,positive
手环记录步数准确，续航也能用好几天,positive
平板分屏操作流畅，做笔记很方便,positive
显示器色彩准确，长时间工作眼睛也不累,positive
鼠标定位稳定，侧键位置用着很顺手,positive
打印机联网配置顺利，打出来的字也很清楚,positive
行车记录仪夜间画面清晰，车牌可以辨认,positive
吸尘器吸力强，地毯上的碎屑一遍就清掉了,positive
空气净化器开启后异味很快减轻,positive
净水器出水速度快，口感也很清爽,positive
电动牙刷挡位设置合理，刷完很干净,positive
吹风机风力足，长头发很快就能吹干,positive
按摩仪力度调节细致，用完肩颈轻松了不少,positive
婴儿车收车操作简单，推行也很平稳,positive
安全座椅固定牢靠，孩子坐着也很安稳,positive
积木边缘光滑，拼搭时松紧恰到好处,positive
绘本印刷清晰，故事也很有趣,positive
猫粮颗粒均匀，家里的猫吃得很香,positive
猫砂结团快，清理起来非常省事,positive
狗绳扣具结实，手柄握着也舒服,positive
露营帐篷防风性好，夜里下雨也没有渗水,positive
登山包背负系统贴合，装满也不勒肩,positive
瑜伽垫防滑效果好，做动作时很稳,positive
哑铃握感舒适，外层包胶也没有异味,positive
羽毛球拍重量轻，杀球时传力很干脆,positive
游泳镜贴合面部，游了半小时也没进水,positive
汽车脚垫尺寸吻合，边缘没有翘起,positive
车载支架夹得很稳，颠簸路面也不会掉,positive
玻璃水清洁力不错，刮完没有水纹,positive
工具箱分格实用，零件收纳得很整齐,positive
电钻动力充足，在木板上打孔很轻松,positive
台灯亮度调节柔和，阅读时没有闪烁感,positive
办公椅腰部支撑到位，坐一下午也不累,positive
文件夹材质厚实，开合多次也没有变形,positive
中性笔出墨均匀，写字时不会断墨,positive
打包纸颜色高级，包好后整体很漂亮,positive
鲜花到货时很新鲜，花苞状态也很好,positive
绿植根系健康，换盆后很快就适应了,positive
鱼缸过滤器水流稳定，噪声几乎听不到,positive
防晒衣轻薄透气，太阳下穿也不闷,positive
雨伞开合顺畅，大风天伞也没有翻面,positive
手套内里柔软，冬天骑车手也不冷,positive
墨镜遮光效果好，鼻托戴久了也不压,positive
腕表走时准确，表带戴着也很舒服,positive
项链实物光泽自然，锁扣也很牢固,positive
鞋架组装简单，放满鞋以后依然稳当,positive
窗帘遮光性好，白天拉上屋里很暗,positive
地毯颜色耐看，踩上去也很柔软,positive
浴巾吸水快，洗过几次也没有掉毛,positive
枕头高度合适，对颈部的支撑很自然,positive
餐具边缘打磨光滑，清洗也很方便,positive
烤盘受热均匀，烤出来的饼干上色很好,positive
调味罐密封性不错，盐放久了也没受潮,positive
便当盒分格大小实用，盖子也扣得很紧,positive
榨汁机拆洗方便，果渣清理得很快,positive
面包机程序设置简单，做出的面包很松软,positive
猫爬架结构稳固，猫跳上去也不晃,positive
学习机反应速度快，课程分类很清晰,positive
翻译笔识别准确，中英文切换也很顺滑,positive
手机屏幕有一条明显的亮线，很影响观感,negative
平板触摸反应迟钝，写字总是断笔,negative
笔记本风扇一直高速转，噪声让人心烦,negative
显示器边缘漏光严重，黑色画面尤其明显,negative
鼠标用几分钟就会自动断开连接,negative
机械键盘有两个按键经常连击,negative
蓝牙音箱低音浑浊，音量开大就破音,negative
无线充电板发热明显，充电速度还很慢,negative
移动硬盘拷贝到一半经常掉盘,negative
网络摄像头夜间画面全是噪点,negative
空调制冷很慢，温度调低也没什么变化,negative
冰箱压缩机启动声太响，隔着房门都能听到,negative
洗衣机漂洗后衣服上还有很多泡沫,negative
扫地机反复撞墙，房间地图也经常丢失,negative
吸尘器吸力越用越弱，小颗粒都吸不起来,negative
电饭煲锅底受热不均，米饭总有一边夹生,negative
破壁机振动得厉害，还会自己在台面上移动,negative
净水器出水量越来越小，接一杯要等很久,negative
电烤箱实际温度偏差大，食物很容易烤焦,negative
吹风机用一会就有焦糊味，让人不敢继续用,negative
外套拉链卡顿，每次穿脱都很麻烦,negative
牛仔裤腰围偏小很多，尺码表根本不准,negative
运动鞋鞋底太硬，走半小时脚底就疼,negative
毛衣第一次清洗就缩水变形,negative
背包肩带缝线松了，才用两天就要掉,negative
床单面料粗糙，睡觉时磨得皮肤不舒服,negative
窗帘实际几乎不遮光，早上屋里特别亮,negative
浴巾掉毛严重，擦完身上全是绒屑,negative
柔软的枕芯一睡就塌，颈部完全没有支撑,negative
鞋架管材很薄，放了几双鞋就歪了,negative
苹果一半都有磕伤，切开还发黑,negative
冷冻虾解冻后腥味很重，肉质也松散,negative
面包收到时已经发干，口感很硬,negative
酸奶还没到日期就有胀包现象,negative
茶叶泡出来只有苦涩味，几乎没有香气,negative
咖啡豆烘得太焦，磨开后有很重的糊味,negative
火锅底料咸得发苦，完全吃不出香味,negative
外卖炒饭油腻又夹生，吃了几口就放下了,negative
蛋糕夹层过甜，奶油还有明显的腥味,negative
坚果里的碎壳很多，吃起来总是硌牙,negative
记账应用总是丢失刚录入的消费记录,negative
视频软件广告不能关闭，播放过程还经常中断,negative
输入法更新后候选词顺序很混乱,negative
地图导航多次把路线引到封闭道路,negative
云盘上传大文件总是在最后阶段失败,negative
购物软件搜索结果和关键词完全不相关,negative
音乐应用切歌时卡住，只能退出重开,negative
会议软件经常识别不到麦克风,negative
手机系统升级后通知延迟很严重,negative
课程应用的视频画面模糊，字幕还经常错位,negative
快递一直在同一个站点打转，好几天没有更新,negative
商品包装里没有任何防护，外壳被撞凹了,negative
配送员没有联系就把包裹放在雨里,negative
预约上门时间变了三次，整天都被耗掉,negative
客服回复的都是套话，根本没有回答问题,negative
售后电话排队很久，最后还自动挂断,negative
安装师傅迟到两个小时，现场操作也很草率,negative
订单页显示的优惠在结算时突然消失,negative
赠品做工粗糙，刚拆封就已经破裂,negative
发票上的商品名称写错，公司报销无法使用,negative
婴儿床护栏有明显晃动，结构让人不放心,negative
学步鞋鞋头偏窄，孩子穿一会就红了,negative
玩具车轮子很容易脱落，只玩了一次就坏,negative
绘本印刷颜色深浅不一，还有几页重影,negative
猫砂结团很差，铲的时候全都散开,negative
狗粮开袋后有明显油哈味,negative
宠物饮水机水泵声太响，猫根本不敢靠近,negative
瑜伽垫表面太滑，做支撑动作时手总是移动,negative
跑步机速度忽快忽慢，跑起来很不安全,negative
羽毛球拍线床张力不均，击球声音很闷,negative
汽车脚垫边缘翘起，经常卡到踏板,negative
车载充电器接触不稳，过个减速带就断电,negative
行车记录仪录像时间不连续，中间缺了好几段,negative
电钻夹头锁不紧，钻头工作时总是打滑,negative
螺丝刀手柄边缘割手，用力时很不舒服,negative
卷尺回收太快，尺带边缘还有毛刺,negative
中性笔出墨断断续续，笔记写得一团糟,negative
文件夹塑料太脆，开合几次就裂了,negative
台灯亮度会自己跳动，看书时很刺眼,negative
洁面乳洗完紧绷又干涩，体验很差,negative
面膜精华液太黏，敷完以后一直糊在脸上,negative
防晒霜涂开后严重搀泥，妆都上不好,negative
口红颜色和试色图差别很大，还非常沾杯,negative
香水前调很刺鼻，散掉后几乎没有留香,negative
洗发水用后头皮发痒，头发也很涩,negative
剪发器经常夹住头发，用起来很疼,negative
按摩仪振动太生硬，低档也震得手麻,negative
电动牙刷充满只能用两次，续航差得离谱,negative
美容仪按键不灵敏，经常怎么按都没反应,negative
行李箱拉杆松垮，拉动时一直晃,negative
雨伞伞面漏水，小雨也会滴到肩膀上,negative
保温杯盖子有缝隙，放在包里经常渗水,negative
帐篷拉链很涩，夜里还从缝线处渗雨,negative
工作椅扶手高度锁不住，靠一下就往下掉,negative
书架层板承重太差，放了十几本书就弯了,negative
闹钟铃声时有时无，已经两次没把我叫醒,negative
电子秤每次称重结果都不一样，误差很大,negative
洗碗布遇水就掉色，还把水槽染了,negative
垃圾袋太薄，稍微有点汤水就从底部漏出来,negative
香薰机喷雾一阵大一阵小，桌面还会积水,negative
订单已经支付，当前等待商家确认,neutral
物流信息显示包裹今日到达分拨中心,neutral
快递员把取件码发到了手机上,neutral
商品预计在三个工作日内发出,neutral
我选择了周六上午的送货时间,neutral
订单被分成两个包裹配送,neutral
页面提示当前地区由门店发货,neutral
这件商品是预售款，尾款下周支付,neutral
包裹已经出库，承运方是顺丰,neutral
系统记录的签收时间是下午三点十分,neutral
这款手机提供一百二十八GB和二百五十六GB两种容量,neutral
鞋子页面有三十八到四十四码可选,neutral
衬衫的成分标签写着百分之八十棉,neutral
保温杯容量为六百毫升,neutral
桌子展开后长一百二十厘米,neutral
包装清单包含主机、遥控器和电源线,neutral
这款灯有暖光、自然光和白光三个色温,neutral
商品产地标注为浙江省宁波市,neutral
外壳材质在说明中写的是ABS塑料,neutral
箱子内部有一层可拆卸的隔板,neutral
手机当前显示电量百分之六十二,neutral
电脑已经安装了预装操作系统,neutral
耳机正在通过蓝牙与平板连接,neutral
路由器提供两个千兆网口,neutral
显示器默认刷新率是六十Hz,neutral
摄像头录制的视频保存为MP4格式,neutral
移动电源有两个USB输出接口,neutral
打印机纸盒中目前放了A4纸,neutral
手表页面标注支持五ATM防水,neutral
软件显示设备已连接到2.4GHz网络,neutral
冰箱冷藏室设定温度为四摄氏度,neutral
洗衣机面板上有八个洗涤程序,neutral
电饭煲正在进行五十分钟的煮饭程序,neutral
烤箱容量标注为四十二升,neutral
空调遥控器当前设定为制冷模式,neutral
扫地机已经完成客厅区域的建图,neutral
净水器滤芯页面显示剩余百分之七十寿命,neutral
加湿器水箱标称容量是四升,neutral
吸尘器配有地刷和缝隙吸头,neutral
洗碗机正在执行标准洗涤模式,neutral
我试穿的是灰色L码外套,neutral
这双鞋的鞋面标注为合成革,neutral
裤子左右两侧各有一个口袋,neutral
帽子后面有可调节的搭扣,neutral
这件羽绒服充绒量标注为一百八十克,neutral
床单套装里有一条床单和两个枕套,neutral
窗帘每片宽一米五，一套共两片,neutral
行李箱的尺寸为二十四英寸,neutral
背包内侧设有独立电脑夹层,neutral
手套标签建议使用三十度水温清洗,neutral
酸奶的生产日期是本月十二日,neutral
大米包装上写的净含量为五千克,neutral
这盒鸡蛋一共有十二枚,neutral
咖啡豆的烘焙日期标在袋子背面,neutral
茶包建议每次用两百毫升热水冲泡,neutral
冷冻水饺包装中共有四十只,neutral
牛奶开封后已经放入冰箱冷藏,neutral
橙子的外箱标注了产地和采摘日期,neutral
调味料配料表的第一项是食用盐,neutral
面条包装标注煮制时间为六分钟,neutral
应用当前安装的版本是4.1.0,neutral
账号页面显示会员在下月五日到期,neutral
文件上传进度已经到百分之八十,neutral
我把通知频率设置为每天一次,neutral
地图上显示目的地距离三点六公里,neutral
视频播放器当前使用七百二十P清晰度,neutral
课程页面展示本章共有八个小节,neutral
软件正在后台同步最新数据,neutral
我已经在购物车中选中两件商品,neutral
系统向绑定邮箱发送了验证码,neutral
退货页面显示申请正在审核中,neutral
电子发票已经生成并保存到订单详情,neutral
我预约了明天下午两点的上门安装,neutral
保修卡上记录的购买日期是今年三月,neutral
客服会话编号显示为A10256,neutral
换货商品已经完成仓库入库,neutral
维修记录中写的更换部件是电源模块,neutral
平台通知提示售后凭证可在七天内补充,neutral
婴儿车说明书标注适用年龄为零到三岁,neutral
玩具盒里有三种颜色的积木,neutral
猫粮包装的建议日喂食量是六十克,neutral
宠物饮水机水箱容量为两升,neutral
跑鞋单只重量标注为二百八十克,neutral
瑜伽垫展开后长一百八十三厘米,neutral
羽毛球桶中一共装有十二只球,neutral
自行车车架上印着二十八英寸规格,neutral
帐篷包装清单包含外帐、内帐和地钉,neutral
游泳镜附带一个透明收纳盒,neutral
汽车记录仪中已经插入一张存储卡,neutral
工具箱上层放着螺丝刀和卷尺,neutral
这盏台灯的定时功能设置为四十五分钟,neutral
鲜花套装中包含十二支玫瑰,neutral
绿植花盆的直径是十八厘米,neutral
拼图外盒标注了一千片规格,neutral
这本书的正文共有三百二十页,neutral
厨房秤当前使用克作为称量单位,neutral
门铃已经连接到家里的无线网络,neutral
定时器设定的倒计时剩余十八分钟,neutral
快递包装上贴着一张易碎品标签,neutral
这台机器的序列号印在底部铭牌上,neutral
手机到货就无法开机，请尽快安排退换,complaint
平板屏幕碎裂且外箱完好，请平台核查发货记录,complaint
笔记本的配置与订单不符，要求更换为已购版本,complaint
耳机右侧完全没有声音，请安排售后检测,complaint
相机镜头内有明显异物，申请换新并免除运费,complaint
显示器序列号已被注册，请核实是否为二手商品,complaint
移动硬盘第一次使用就报错，要求商家承担数据恢复费用,complaint
路由器与宣传的网络规格不符，请按虚假描述处理,complaint
充电器使用时冒烟，请立即联系我并封停同批次,complaint
智能手表没有约定的功能，要求退货并退还差价,complaint
冰箱上门维修两次仍不制冷，请直接换机,complaint
洗衣机漏水导致地板受损，要求登记损失并赔付,complaint
空调安装后外机剧烈振动，请安排人员重新安装,complaint
热水器出现漏电提示，请立即停止销售并上门处理,complaint
油烟机尺寸与定制订单不符，要求免费重做,complaint
洗碗机已超过维修时限，请升级给售后主管,complaint
扫地机电池鼓包，请紧急更换并说明安全处理方式,complaint
净水器安装人员损坏了厨柜，要求维修并赔偿,complaint
电饭煲实际型号与包装不一致，请调查仓库错发问题,complaint
净化器滤芯被证实是非原装品，要求假一赔三,complaint
衣服水洗一次就严重掉色，请商家退款并承担清洗损失,complaint
鞋子标称尺码与实测不符，请平台介入退换,complaint
羽绒服充绒量检测不达标，要求提供质检证明并退货,complaint
床垫收到后发现是错误尺寸，请安排上门换货,complaint
沙发面料与样品不同，要求按定制合同重新制作,complaint
窗帘安装时把墙面打坏，请商家安排修复,complaint
行李箱在保修期内轮子脱落，售后拒修，请介入,complaint
童装标签成分与页面宣传不同，要求平台核查,complaint
包里的金属扣划伤了手，请登记安全投诉,complaint
定制戒指的刻字内容错了，要求免费重做并加急寄出,complaint
牛奶收到时已过保质期，请平台查处临期食品管理,complaint
冷链包裹到货时已经完全解冻，要求退款并追查温控记录,complaint
坚果中发现异物，请联系生产商调查批次,complaint
外卖餐品导致多人不适，请平台立即上报食品安全问题,complaint
蛋糕里出现塑料碎片，要求门店负责人回电,complaint
订购的无糖饮料实际含糖，请更正标识并赔偿,complaint
水果实收重量少了一半，要求核对称重记录和退差价,complaint
餐厅拒绝开具合法发票，请平台协助处理,complaint
优惠套餐漏了主食，商家不补送，要求退还对应费用,complaint
配送人员把餐品送错地址，请重新配送并保留凭证,complaint
账号在未知情的情况下购买了虚拟商品，请冻结交易,complaint
应用擅自开启了付费服务，要求取消并全额退费,complaint
云盘会员到期后删除了仍在承诺保留期的文件，请恢复,complaint
软件更新导致付费数据丢失，请技术团队回滚并找回数据,complaint
平台在没有告知的情况下封停账号，申请人工申诉,complaint
会员广告与实际权益不符，要求公布退订通道,complaint
订单页暴露了我的收货信息，请立即下架页面并调查,complaint
应用在未授权时读取通讯录，请安全团队核查,complaint
付费课程突然无法访问，客服拒绝延长有效期，请升级处理,complaint
地图应用错误导航造成车辆通行费损失，要求登记赔偿申请,complaint
快递未经允许将包裹交给陌生人，请调查签收过程,complaint
物流显示签收但我没有收到，要求提供签收凭证,complaint
包裹在运输途中被退回且无人通知，请重新发货,complaint
同一订单被收取两次运费，要求当日退还多收部分,complaint
商家上传了虚假发货单号，请平台核实并处罚,complaint
大件家具送到楼下就拒绝入户，要求履行送货上门约定,complaint
配送过程损坏了公区设施，请联系物业协商赔偿,complaint
快递员多次使用侮辱性语言，我要提交服务投诉,complaint
包裹已超过承诺时效一周，请按延误规则赔付,complaint
退货物流已签收半个月，请立即完成退款,complaint
商家以拆封为由拒绝质量问题退货，申请平台裁决,complaint
售后将退货理由擅自改成无理由，请恢复原始记录,complaint
退款被退到了无关账户，要求财务核对流水,complaint
平台扣除的所谓折旧费用事先没有公示，请退还,complaint
保价包裹丢失后只按普通件赔付，要求按保价金额处理,complaint
延保服务在有效期内被系统取消，请恢复权益,complaint
优惠券在付款后被扣除但没有抵扣金额，请补回,complaint
积分兑换商品缺货却不退积分，要求原路返还,complaint
商家取消订单后定金仍未退，请限时处理,complaint
补差价申请被无故关闭，请重新审核订单价格,complaint
安装师傅额外收取未公示材料费，要求退回并核查,complaint
维修中心更换了非原厂配件，请重新检修并出具清单,complaint
上门检测人员未经同意带走了设备，请立即确认去向,complaint
客服承诺的上门时间连续两次无人到场，要求主管联系,complaint
保修系统将购买日期记错，请根据发票更正,complaint
送修商品返回后多了新的划痕，要求调取维修监控,complaint
检测报告与设备实际故障不符，请安排第二次独立检测,complaint
售后要求我支付保修范围内的费用，请取消收费,complaint
婴儿用品标识缺少必要警示，请平台立即复核安全性,complaint
儿童玩具存在可脱落的小零件，要求下架并召回,complaint
宠物食品开封后发现霉斑，请追溯同批次并退款,complaint
跑步机运行中突然停止导致受伤，要求联系保险和负责人,complaint
自行车刹车部件安装反了，请门店免费上门纠正,complaint
户外炉具接口漏气，请立即发布安全预警,complaint
游泳镜标注防雾但没有任何效果，要求退货并更正宣传,complaint
健身课程被单方取消且不退费，请管理人员处理,complaint
汽车配件与我的车型不匹配，页面却显示适用，请免费退货,complaint
行车记录仪漏录了事故时段，要求厂家分析故障并出具说明,complaint
车载电器导致保险丝烧断，请承担检修费用,complaint
汽车美容店擅自增加了未确认项目，要求撤销收费,complaint
车票平台下单成功却没有出票，请立即退款并赔付差价,complaint
预订酒店到店后查不到订单，要求平台安排同等房型,complaint
景区门票无法核销且窗口拒绝处理，请客服协调,complaint
机票退改规则在付款后被更改，要求按下单时规则执行,complaint
租车押金在还车一个月后仍未解冻，请财务立即核查,complaint
线下取货点将我的商品交给了别人，要求调取凭证并补发,complaint
礼品卡充值后余额没有到账，请恢复资金或原路退回,complaint
发票抬头被系统擅自修改，要求作废重开并保留记录,complaint
商家在沟通中威胁撤销售后，请平台保全聊天证据并调查,complaint
订单被他人冒领且门店无法提供核验记录，请立即立案调查,complaint
